seqname,seq
seq1,gaggtgcagctggtggagtctgggggcggcttggcaaagccgggggggtccctgagactctcctgtgcaacctctggattcaccttcagtaattactggatgaattgggtccgccagactccagggaaggggctggagtggatctcaggtattaatagtgctgggggtcgcagatactacgcagactccgtgaagggccgattcaccatctccagagacaactcaaagaacacgctctccctgcaaatgaacagactgagagttgaggacacggccgcctactactgtgttaaagtcgacgacgatgattacggttatttttccgccgtcccgggtgatctcaaaaactactattttgactcctggggccagggagtccaggtcaccgtctcctcag
seq2,gaggtgcagttggtggagtctgggggcggcttggcaaagcctggggggtccctgagactctcctgtgcagcctctggattcaccttcagtaactactggatgaattgggtccgccagactccagggaaggggctggagtggatctcaactattcatagttatgggggtaggagatactacgcagactccgtgaagggccgattcaccatctccagagacaactcaaagaacacgctctccctgcaaatgaacagcctgagagctggggacacggccgtgtattactgtactaaagtcgacgaggatgattacggttactataataccgtcccgggtgatctcaagaagtactactttgcctcctggggccagggcgtcctggtcaccgtctcctcag
seq3,nnnntgcagctggtggagtctgggggcggcttggcaaagcctggggggtccctgagactctcctgtgcagcctctggattcaccttcaataactactggatgaattgggtccgccagactccagggaaggggctggagtggatatcaatgattaatagtgctggggttagcacatactacgcagactccgtgaagggccgattcaccatctccagagacaactcaaagaacacgctctccctgcaaatgaacagcctgagagctgaggacacggccgtatattactgtgttagagtcgacgacgatgattacggttactttaacaccgtcccgggtgatctcaagaagttctactttgactactggggccagggagtcctggtcaccgtcnccncag
seq4,gaggtgcagctggtggagtctgggggcggcttggcagagcctggggggtccctgagactctcctgtgtagcctctggtttcaccttcagtaattattggatgaattgggtccgccagagtccagggaaggggctggagtggatctcaggtattaatagtgctgggggtcgcagatcctacgcagactccgtgaagggccggttcaccatttccagagacaactcaaagaacacgctctccctgcaaatgaaccgcctgagagctgaggacacggccgtgtattattgcgttaaagtcgacgacgatgattacggttattttaacaccgtcccgggtgatctcaagaagttctactttaagtactggggccagggagtcctggtcaccgtctcctcag
seq5,gaggtgcagctggtggagtctgggggcggcttggcaaagccgggggggtccctgagactctcctgtgcaacctctggattcaccttcagtaattactggatgaattgggtccgccagactccagggaaggggctggagtggatctcaggtattaatagtgttgggggtcgcagatactacgcagactccgtgaagggccgattcaccatctccagagacaactcaaagaacacgctctccctgcaaatgaacagactgagagttgaggacacggccgtctactactgtgttaaagtcgacgacgatgattacggttacttttccgccgtcccgggtgatctcaaaaactactactttgactcctggggccagggagtccaggtcaccgtcncnncag
seq6,gaggtgcagctggtggagtctgggggcggcttggcagagcctggggggtccctgagactctcctgtgtagcctctggtttcaccttcagtaattattggatgaattgggtccgccagactccagggaaggggctggagtggatctcaggtattaatagtgctgggggtcgcagatcctacgcagactccgtgaagggccggttcaccatttccagagacaactcaaagaacacgctctccctgcaaatgaaccgcctgagagctgaggacacggccgtgtattattgcgttaaagtcgacgacgatgattacggttattttaacaccgtcccgggtgatctcaagaagttctactttaagtactggggccagggagtcctggtcaccgtcttccttc
seq7,gtgcagctggtggagtctgggggcggcttggcaaagccgggggggtccctgagactctcctgtgcaacctctggattcaccttcagtaattactggatgaattgggtccgccagactccagggaaggggctggagtggatctcaggtattaatagtgctgggggtcgcagatactacgcagactccgtgaagggccgattcaccatctccagagacaactcaaagaacacgctctccctgcaaatgaacagactgagagttgaggacacggccgtctactactgtgttaaagtcgacgacgatgattacggttacttttccgccgtcccgggtgatctcaaaaactactattttgactcctggggccagggagtccaggtcaccgtntnntcag
seq8,gaggtacttctggtggagtctgggggcggcttggcaaagccgggggggtccctgagactctcctgtacaacctctggattcaccttcagtaattactggatgaattgggtccgccagactccaggaaaggggctggagtggatctcaggtattaatagtgctgggggtcgcagatactacgcagactccgtgaggggccaattcaccatctccagagacaactcaaagaacacgctctccctgcaaatgaacagactgagagttgaggacacggccgtctactactgtgttaaagtcgacgacgatgattacggttacttttccgccgtcccgggtgatctcaaaaactactactttgactcctggggccagggagtccaggtcaccgtctcctcag
seq9,nnggtgcagctggtggagtctgggggcggcttggcaaagccgggggggtccctgagactctcctgtgcaacctctggattcaccttcagtaattactggatgaattgggtccgccagactccagggaaggggctggagtggatctcaggtattaatagtgctgggggtcgcagatactacgcagactccgtgaagggccgattcaccatctccagagacaactcaaagaacacgctctccctgcaaatgaacagactgagagttgaggacacggccgtctactactgtgttaaagtcgacgacgatgattacggttatttttccgccgtcccgggtgatctcaaaaactactactttgactcctggggccagggagtcnnnngtcaccgtcncnnca
